molecule_chembl_id,canonical_smiles,standard_value
CHEMBL119345,Cc1ccc2[nH]c(O)c(/N=N/C(=N)S)c2c1,43900.0
CHEMBL120254,NC(=S)/N=N/c1c(O)[nH]c2ccc([N+](=O)[O-])cc12,4400.0
CHEMBL120076,COc1cccc(CN2C(=O)C(=O)c3cc(Cl)ccc32)c1,34600.0
CHEMBL333067,O=C1C(=O)N(Cc2ccc(Cl)cc2)c2ccc(Cl)cc21,31200.0
CHEMBL118210,Cc1cc(C)c2[nH]c(O)c(/N=N/C(=N)S)c2c1,13200.0
CHEMBL324722,COc1cccc(CN2C(=O)C(=O)c3cc(C)ccc32)c1,21900.0
CHEMBL119213,NC(=S)/N=N/c1c(O)[nH]c2ccc(Cl)cc12,32800.0
CHEMBL118355,Cc1cc(Cl)cc2c(/N=N/C(=N)S)c(O)[nH]c12,9400.0
CHEMBL336693,O=C1C(=O)N(Cc2ccccc2)c2ccc(Cl)cc21,46900.0
CHEMBL418861,NC(=S)/N=N/c1c(O)[nH]c2ccc(Br)cc12,29600.0
CHEMBL118305,O=C1Nc2ccc([N+](=O)[O-])cc2C1=O,42600.0
CHEMBL117767,Cc1ccc2c(c1)C(=O)C(=O)N2Cc1ccccc1-c1ccccc1,9200.0
CHEMBL333137,NC(=S)/N=N/c1c(O)[nH]c2ccccc12,38800.0
CHEMBL119370,NC(=S)/N=N/c1c(O)[nH]c2ccc(I)cc12,28700.0
CHEMBL119756,NC(=S)/N=N/c1c(O)[nH]c2ccc(F)cc12,38600.0
CHEMBL414179,O=S1(=O)C2=C(O)CC(c3ccc(Cl)cc3)CC2=Nc2ccc(F)cc21,5000.0
CHEMBL90748,COc1ccc(C2CC3=Nc4ccc(Cl)cc4SC3=C(O)C2)cc1OC,30000.0
CHEMBL93881,OC1=C2Sc3cc(Cl)ccc3N=C2CC(c2ccc(Cl)cc2Cl)C1,10000.0
CHEMBL420812,COc1cccc(C2CC3=Nc4ccc(Cl)cc4SC3=C(O)C2)c1OC,10000.0
CHEMBL92805,O=S1(=O)C2=C(O)CC(c3ccccc3)CC2=Nc2ccc(Cl)cc21,4000.0
CHEMBL91233,COc1ccc(C2CC3=Nc4ccc(F)cc4SC3=C(O)C2)cc1OC,20000.0
CHEMBL329337,COc1cccc(C2CC3=Nc4ccc(Cl)cc4SC3=C(O)C2)c1,20000.0
CHEMBL89985,OC1=C2Sc3cc(Cl)ccc3N=C2CCC1,40000.0
CHEMBL92872,CC1(C)CC2=Nc3ccc(Cl)cc3SC2=C(O)C1,30000.0
CHEMBL91234,OC1=C2Sc3cc(Cl)ccc3N=C2CC(c2ccccc2)C1,10000.0
CHEMBL93694,COc1ccc(C2CC3=Nc4ccc(Cl)cc4S(=O)(=O)C3=C(O)C2)cc1OC,50000.0
CHEMBL92683,CC1(C)CC2=Nc3ccc(F)cc3SC2=C(O)C1,60000.0
CHEMBL329629,CC1(C)CC2=Nc3ccc(Cl)cc3S(=O)(=O)C2=C(O)C1,5000.0
CHEMBL328100,COc1ccc(C2CC3=Nc4ccc(Cl)cc4S(=O)(=O)C3=C(O)C2)cc1,30000.0
CHEMBL90245,OC1=C2Sc3cc(F)ccc3N=C2CC(c2ccc(Cl)cc2)C1,5000.0
CHEMBL92995,COc1cccc(C2CC3=Nc4ccc(F)cc4SC3=C(O)C2)c1OC,20000.0
CHEMBL433390,COc1ccc(C2CC3=Nc4ccc(Cl)cc4SC3=C(O)C2)cc1,10000.0
CHEMBL92738,OC1=C2Sc3cc(F)ccc3N=C2CC(c2ccc(Cl)cc2Cl)C1,10000.0
CHEMBL93846,O=S1(=O)C2=C(O)CC(c3ccc(Cl)cc3Cl)CC2=Nc2ccc(Cl)cc21,30000.0
CHEMBL93466,OC1=C2Sc3cc(F)ccc3N=C2CC(c2ccccc2)C1,20000.0
CHEMBL91049,CC1(C)CC2=Nc3ccc(F)cc3S(=O)(=O)C2=C(O)C1,5000.0
CHEMBL92956,COc1cccc(C2CC3=Nc4ccc(Cl)cc4S(=O)(=O)C3=C(O)C2)c1OC,4000.0
CHEMBL91050,OC1=C2Sc3cc(Cl)ccc3N=C2CC(c2ccc(Cl)cc2)C1,4000.0
CHEMBL329532,COc1ccc(C2CC3=Nc4ccc(F)cc4S(=O)(=O)C3=C(O)C2)cc1OC,5000.0
CHEMBL93465,COc1cccc(C2CC3=Nc4ccc(F)cc4SC3=C(O)C2)c1,20000.0
CHEMBL91856,O=S1(=O)C2=C(O)CC(c3ccc(Cl)cc3)CC2=Nc2ccc(Cl)cc21,4000.0
CHEMBL93341,COc1cccc(C2CC3=Nc4ccc(F)cc4S(=O)(=O)C3=C(O)C2)c1,5000.0
CHEMBL326220,C/C(=N\N=C(/S)N1CCN(C)CC1)c1cccc(Br)c1,20000.0
CHEMBL73007,CS/C(S)=N/N=C(\C)c1ccccn1,20000.0
CHEMBL107612,C/C(=N\N=C(\N)S)c1ccc(Nc2ccccc2)cc1,20000.0
CHEMBL323975,C/C(=N\N=C(\N)S)c1ccc(-c2ccccc2)cc1,10000.0
CHEMBL416771,C/C(=N\NC(N)=S)c1ccccn1,20000.0
CHEMBL325549,C/C(=N/N=C(/N)S)c1cccc(/C(C)=N/N=C(/N)S)n1,20000.0
CHEMBL181504,CCCC/C(=N\NC(N)=S)c1ccc(Cl)c(Cl)c1,620.0
CHEMBL181902,N/C(S)=N/N=C(/c1ccc(Cl)c(Cl)c1)C1CCCCC1,14000.0
CHEMBL181752,N/C(S)=N/N=C(\C=C\c1ccccc1)c1ccc(Cl)c(Cl)c1,470.0
CHEMBL183767,N/C(S)=N/N=C(\Cc1ccccc1)c1ccc(Cl)c(Cl)c1,8400.0
CHEMBL182795,Cc1ccc(/C(=N\N=C(\N)S)c2ccc(Cl)c(Cl)c2)cc1,1800.0
CHEMBL183396,N/C(S)=N/N=C(/c1ccc(Cl)c(Cl)c1)C1CC1c1ccccc1,640.0
CHEMBL182790,N/C(S)=N/N=C(\COc1ccccc1)c1ccc(Cl)c(Cl)c1,375.0
CHEMBL183005,N/C(S)=N/N=C(\CCc1ccccc1)c1ccc(Cl)c(Cl)c1,2600.0
CHEMBL195381,O=C(Nc1ccc(Cl)cc1)Nc1ccc(C(=O)/C=C/c2ccc3c(c2)OCO3)cc1,2500.0
CHEMBL194821,O=C(Nc1ccc(Cl)cc1)Nc1ccc(C(=O)/C=C/c2ccc(Cl)cc2)cc1,2600.0
CHEMBL195822,O=C(Nc1ccc(Cl)cc1)Nc1ccc(C(=O)/C=C/c2ccc(Cl)cc2Cl)cc1,2500.0
CHEMBL191640,O=C(Nc1ccc(Cl)cc1)Nc1ccc(C(=O)/C=C/c2ccc(F)cc2F)cc1,2600.0
CHEMBL192149,COc1cc(/C=C/C(=O)c2ccc(NC(=O)Nc3ccc(Cl)cc3)cc2)cc(OC)c1OC,1800.0
CHEMBL191457,O=C(Nc1ccc(Cl)cc1)Nc1ccc(C(=O)/C=C/c2ccccc2)cc1,3800.0
CHEMBL373022,O=C(Nc1ccc(Cl)cc1)Nc1ccc(C(=O)/C=C/c2ccccn2)cc1,3400.0
CHEMBL370877,COc1ccc(NC(=O)Nc2ccc(C(=O)/C=C/c3ccccn3)cc2)cc1,12500.0
CHEMBL191881,CC(=O)N[C@@H](CC(C)C)C(=O)N[C@@H](CC(C)C)C(=O)N[C@H](C=O)CCCNC(=N)N,5.8
CHEMBL374508,CC(C)C[C@H](NC(=O)[C@H]1O[C@@H]1C(=O)O)C(=O)NCCCCN=C(N)N,58.0
CHEMBL381093,O=S(=O)(NCc1ccco1)c1ccc2c(c1)Cc1cc(S(=O)(=O)NCc3ccco3)ccc1-2,1400.0
CHEMBL374508,CC(C)C[C@H](NC(=O)[C@H]1O[C@@H]1C(=O)O)C(=O)NCCCCN=C(N)N,15.0
CHEMBL204973,Cc1csc(Cn2nc(CC(=O)N/N=C/c3ccccc3)c3ccccc3c2=O)n1,54300.0
CHEMBL204850,O=C(CSc1nnc(O)n1Cc1ccco1)c1ccc2c(c1)OCCO2,52300.0
CHEMBL204452,N=C(CS(=O)(=O)Cc1ccc(F)cc1)NOC(=O)c1cccs1,50000.0
CHEMBL380140,Cc1nc(C)nc(N(CCS(=O)(=O)c2ccccc2)CCS(=O)(=O)c2ccccc2)n1,13200.0
CHEMBL383231,COC(=O)c1sccc1NC(=O)CC(=O)Nc1ccsc1C(=O)OC,10400.0
CHEMBL203856,Cn1c(O)c(/N=N/C(=O)CCCCC(=O)/N=N/c2c(O)n(C)c3ccccc23)c2ccccc21,6500.0
CHEMBL203823,CCCc1cc(O)nc(SCC(=O)NCCSCc2ccco2)n1,4600.0
CHEMBL204344,CCCS(=O)(=O)c1cscc1NC(=O)CSCCS(=O)(=O)c1ccc(Cl)cc1,3400.0
CHEMBL203802,Cc1ccc(S(=O)(=O)N(C)C)cc1NS(=O)(=O)c1ccc(-c2ccon2)s1,2900.0
CHEMBL203801,Cc1cccc(NC(=O)Cn2c(O)c(/N=N/C(=O)C(=O)NCc3ccccc3)c3ccccc32)c1,1600.0
CHEMBL382027,O=S(=O)(Cc1ccc(Cl)cc1)Cc1nc(-c2ccsc2)no1,47800.0
CHEMBL379228,Cc1ccc(S(=O)(=O)NC(=O)NCC2CCN(S(=O)(=O)c3ccccc3)CC2)cc1,19000.0
CHEMBL204491,O=C(CCSSCCC(=O)NCc1ccccc1)NCc1ccccc1,15300.0
CHEMBL205056,COC(=O)c1ccsc1NC(=O)CN1CCN(S(=O)(=O)c2ccc(Cl)cc2)CC1,14300.0
CHEMBL440764,CCOC(=O)c1c2cc(OCC(=O)NCc3ccco3)ccc2n2ccccc12,13800.0
CHEMBL204035,O=C(Cn1nnc(-c2ccccc2)n1)NN/C=N\OCc1c(F)cccc1Cl,10800.0
CHEMBL203649,O=S(=O)(c1ccc(-c2ccc(S(=O)(=O)N3CCOCC3)s2)s1)N1CCOCC1,5400.0
CHEMBL377557,O=C(CN1C(=O)[C@@H](COC(=O)Nc2ccccc2)N=C(c2ccccc2)c2ccccc21)N[C@H]1CC(=O)OC1O,21540.0
CHEMBL423112,CC(C)[C@H](NC(=O)OCc1ccccc1)C(=O)NC(C=O)Cc1ccccc1,5000.0
CHEMBL210211,O=C(CN1C(=O)[C@H](COC(=O)Nc2ccc(Cl)cc2C(F)(F)F)N=C(c2ccccc2)c2ccccc21)N[C@H]1CC(=O)OC1O,10290.0
CHEMBL378223,O=C(CN1C(=O)[C@@H](COC(=O)Nc2ccc(Cl)cc2C(F)(F)F)N=C(c2ccccc2)c2ccccc21)N[C@H]1CC(=O)OC1O,8680.0
CHEMBL209147,Cc1cc(Cl)ccc1NC(=O)OC[C@H]1N=C(c2ccccc2)c2ccccc2N(CC(=O)N[C@H]2CC(=O)OC2O)C1=O,8250.0
CHEMBL437308,O=C(CN1C(=O)[C@@H](COC(=O)Nc2c(F)cc(F)cc2Br)N=C(c2ccccc2)c2ccccc21)N[C@H]1CC(=O)OC1O,19150.0
CHEMBL382121,O=C(CN1C(=O)[C@@H](COC(=O)Nc2ccc(F)cc2F)N=C(c2ccccc2)c2ccccc21)N[C@H]1CC(=O)OC1O,13510.0
CHEMBL378475,O=C(CN1C(=O)[C@@H](COC(=O)Nc2ccc(F)cc2)N=C(c2ccccc2)c2ccccc21)N[C@H]1CC(=O)OC1O,16340.0
CHEMBL207102,O=C(CN1C(=O)[C@@H](COC(=O)Nc2ccc(Cl)cc2)N=C(c2ccccc2)c2ccccc21)N[C@H]1CC(=O)OC1O,15040.0
CHEMBL207117,COc1ccc(NC(=O)OC[C@H]2N=C(c3ccccc3)c3ccccc3N(CC(=O)N[C@H]3CC(=O)OC3O)C2=O)cc1,8790.0
CHEMBL377886,O=C(CN1C(=O)[C@@H](COC(=O)Nc2cccc3ccccc23)N=C(c2ccccc2)c2ccccc21)N[C@H]1CC(=O)OC1O,11190.0
CHEMBL379633,CC(C)C[C@H](NC(=O)N1CCOCC1)C(=O)N[C@H](/C=C1/CCCN(Cc2ccccc2)S1(=O)=O)Cc1ccccc1,23600.0
CHEMBL211516,CC(C)C[C@H](NC(=O)N1CCOCC1)C(=O)N[C@H](/C=C1\CCCN(Cc2ccccc2)S1(=O)=O)Cc1ccccc1,13700.0
CHEMBL379148,CC(C)C[C@H](NC(=O)N1CCOCC1)C(=O)N[C@H](/C=C1\CCCN(c2ccccc2)S1(=O)=O)Cc1ccccc1,31400.0
CHEMBL213961,CC(C)C[C@H](NC(=O)N1CCOCC1)C(=O)N[C@H](/C=C1\CCN(Cc2ccccc2)S1(=O)=O)Cc1ccccc1,48400.0
CHEMBL213827,CC(=O)N[C@@H](Cc1ccccc1)C(=O)N[C@H](/C=C1\CCCN(c2ccccc2)S1(=O)=O)Cc1ccccc1,26500.0
CHEMBL224801,O=C(O)c1ccccc1N/N=C/c1ccc(/C=N/Nc2ccccc2C(=O)O)cc1,1000.0
CHEMBL222709,O=C(Nc1cccc(O)c1)c1cccc(S(=O)(=O)Nc2cccc(O)c2)c1,50000.0
CHEMBL221471,OC[C@@H](O)/C=N/Nc1nc(Nc2ccccc2)nc(Nc2ccccc2)n1,50000.0
CHEMBL222708,O=C(CSc1ccc2ccccc2n1)N/N=C/c1ccc(O)cc1O,63400.0
CHEMBL222707,CCCc1cc(O)nc(SCC(=O)Nc2ccccc2)n1,59900.0
CHEMBL222706,OC[C@H](O)/C=N/Nc1nc(Nc2ccccc2)nc(N2CCCCC2)n1,54600.0
CHEMBL376232,CCOP(=O)(CC(=O)NNC(=O)Nc1cccc2ccccc12)OCC,53400.0
CHEMBL224916,O=C(Cc1nnc(NC(=O)c2ccccc2)s1)N/N=C\c1ccc(O)c(O)c1,31100.0
CHEMBL224915,O=C(Cn1nnc(-c2ccccc2)n1)N/N=C1\C(=O)Nc2ccccc21,27300.0
CHEMBL222270,O=C(CNC(=O)[C@@H]1COc2ccccc2O1)N/N=C/c1cccs1,26600.0
CHEMBL373909,Oc1ccc(Nc2nc(-c3cccnc3)cs2)cc1,22500.0
CHEMBL374367,Oc1ccc(/C=N/CC/N=C/c2ccc(O)cc2O)c(O)c1,20800.0
CHEMBL374510,N#CCC(=O)N/N=C\c1ccc(OCC(=O)Nc2ccc(F)cc2)cc1,5700.0
CHEMBL426564,O=C(CN1C(=O)/C(=N\NC(=O)c2ccncc2)c2ccccc21)Nc1ccccc1,40900.0
CHEMBL224858,CCCS(=O)(=O)N1CCN(S(=O)(=O)c2ccc3ccccc3c2)CC1,12400.0
CHEMBL224803,O=C(CSc1nnnn1-c1ccccc1)Nc1ccc(-n2cnnn2)cc1,7500.0
CHEMBL221833,Cc1cccc(NC(=O)CCC(=O)N/N=C/c2cc(Cl)ccc2O)c1,7500.0
CHEMBL438659,O=C(N/N=C/c1ccccc1O)c1cccc(C(=O)N/N=C/c2ccccc2O)n1,7000.0
CHEMBL221991,O=C(NCc1ccc(/C=c2/sc3n(c2=O)CCN=3)o1)C(=O)Nc1ccccc1,6200.0
CHEMBL436500,COC(=O)c1ccccc1NC(=O)COC(=O)CSc1nc(C)cc(C)n1,6200.0
CHEMBL222325,Oc1cccc(/C=N\c2cccc3c(/N=C/c4cccc(O)c4O)cccc23)c1O,4600.0
CHEMBL222322,C/C(=N\NS(=O)(=O)c1ccc(C)cc1)c1c(O)c2ccccc2oc1=O,3900.0
CHEMBL222871,O=C(N/N=C/c1ccc(/C=N/NC(=O)c2ccccc2O)cc1)c1ccccc1O,2200.0
CHEMBL222870,Oc1ccc(/C=N/c2ccc(/N=C/c3ccc(O)cc3O)c(Cl)c2)c(O)c1,2100.0
CHEMBL374508,CC(C)C[C@H](NC(=O)[C@H]1O[C@@H]1C(=O)O)C(=O)NCCCCN=C(N)N,15.0
CHEMBL224891,CCN(CC)Cc1c(O)ccc(C=O)c1O,20000.0
CHEMBL224258,O=Cc1ccc(O)c(CN2CCN(c3ccnc4cc(Cl)ccc34)CC2)c1O,20000.0
CHEMBL387974,CN1CCN(Cc2c(O)ccc(C=O)c2O)CC1,20000.0
CHEMBL225644,O=Cc1ccc(O)c(CN2CCOCC2)c1O,20000.0
CHEMBL225592,O=Cc1ccc(O)c(CN2CCCCC2)c1O,20000.0
CHEMBL388317,O=Cc1ccc(O)c(CN2CCCC2)c1O,20000.0
CHEMBL427253,NC(=S)N/N=C/c1ccc(O)c(CN2CCOCC2)c1O,20000.0
CHEMBL388101,Cc1c(O)ccc(/C=N/NC(N)=S)c1O,20000.0
CHEMBL224260,NC(=O)N/N=C/c1ccc(O)c(CN2CCN(c3ccnc4cc(Cl)ccc34)CC2)c1O,20000.0
CHEMBL387860,CN1CCN(Cc2c(O)ccc(/C=N/NC(=O)NCCNc3ccnc4cc(Cl)ccc34)c2O)CC1,20000.0
CHEMBL389869,O=C(NCCNc1ccnc2cc(Cl)ccc12)N/N=C/c1ccc(O)c(CN2CCOCC2)c1O,20000.0
CHEMBL225323,CCN(CC)Cc1c(O)ccc(/C=N/NC(N)=S)c1O,11070.0
CHEMBL224893,NC(=S)N/N=C/c1ccc(O)c(CN2CCCC2)c1O,5850.0
CHEMBL225646,NC(=S)N/N=C/c1ccc(O)c(CN2CCCCC2)c1O,3800.0
CHEMBL225184,CN1CCN(Cc2c(O)ccc(/C=N/NC(N)=S)c2O)CC1,18220.0
CHEMBL224312,NC(=S)N/N=C/c1ccc(O)c(CN2CCN(c3ccnc4cc(Cl)ccc34)CC2)c1O,2250.0
CHEMBL225449,CCN(CC)Cc1c(O)ccc(/C=N/NC(=O)NCCNc2ccnc3cc(Cl)ccc23)c1O,2600.0
CHEMBL223654,O=C(NCCNc1ccnc2cc(Cl)ccc12)N/N=C/c1ccc(O)c(CN2CCCC2)c1O,720.0
CHEMBL434743,O=C(NCCNc1ccnc2cc(Cl)ccc12)N/N=C/c1ccc(O)c(CN2CCCCC2)c1O,630.0
CHEMBL224025,O=C(NCCNc1ccnc2cc(Cl)ccc12)N/N=C/c1ccc(O)c(CN2CCN(c3ccnc4cc(Cl)ccc34)CC2)c1O,3160.0
CHEMBL398828,C/C(CC(=O)c1ccc(Cl)c(Cl)c1)=N\NC(=S)NCCCNc1ccnc2cc(Cl)ccc12,20000.0
CHEMBL250154,C/C(CC(=O)c1ccc(Cl)c(Cl)c1)=N\NC(=S)NCCNc1ccnc2cc(Cl)ccc12,4416.0
CHEMBL250155,C/C(CC(=O)c1ccc(Br)cc1)=N\NC(=S)NCCNc1ccnc2cc(Cl)ccc12,12932.0
CHEMBL399032,C/C(CC(=O)c1ccc(Br)cc1)=N\NC(=S)NCCCNc1ccnc2cc(Cl)ccc12,20000.0
CHEMBL378223,O=C(CN1C(=O)[C@@H](COC(=O)Nc2ccc(Cl)cc2C(F)(F)F)N=C(c2ccccc2)c2ccccc21)N[C@H]1CC(=O)OC1O,8000.0
CHEMBL272015,CS(=O)(=O)/C=C/[C@H](CCc1ccccc1)NC(=O)CN1C(=O)[C@@H](COC(=O)Nc2ccc(Cl)cc2C(F)(F)F)N=C(c2ccccc2)c2ccccc21,8000.0
CHEMBL403991,CCS(=O)(=O)/C=C/[C@H](CCc1ccccc1)NC(=O)CN1C(=O)[C@@H](COC(=O)Nc2ccc(Cl)cc2C(F)(F)F)N=C(c2ccccc2)c2ccccc21,8000.0
CHEMBL402455,O=C(CN1C(=O)[C@@H](COC(=O)Nc2ccc(Cl)cc2C(F)(F)F)N=C(c2ccccc2)c2ccccc21)N[C@H](/C=C/S(=O)(=O)c1ccccc1)CCc1ccccc1,8000.0
CHEMBL405741,COc1ccc(S(=O)(=O)/C=C/[C@H](CCc2ccccc2)NC(=O)CN2C(=O)[C@@H](COC(=O)Nc3ccc(Cl)cc3C(F)(F)F)N=C(c3ccccc3)c3ccccc32)cc1,8000.0
CHEMBL407354,CS(=O)(=O)/C=C/CNC(=O)CN1C(=O)[C@@H](COC(=O)Nc2ccc(Cl)cc2C(F)(F)F)N=C(c2ccccc2)c2ccccc21,8000.0
CHEMBL270278,CCS(=O)(=O)/C=C/CNC(=O)CN1C(=O)[C@@H](COC(=O)Nc2ccc(Cl)cc2C(F)(F)F)N=C(c2ccccc2)c2ccccc21,8000.0
CHEMBL408071,O=C(CN1C(=O)[C@@H](COC(=O)Nc2ccc(Cl)cc2C(F)(F)F)N=C(c2ccccc2)c2ccccc21)NC/C=C/S(=O)(=O)c1ccccc1,8000.0
CHEMBL271992,COc1ccc(S(=O)(=O)/C=C/CNC(=O)CN2C(=O)C(COC(=O)Nc3ccc(Cl)cc3C(F)(F)F)N=C(c3ccccc3)c3ccccc32)cc1,8000.0
CHEMBL488829,O=C[C@H](CCc1ccccc1)n1cccc(NC(=O)OCc2ccccc2)c1=O,10900.0
CHEMBL486232,CC(C)C[C@H](NC(=O)N1CCOCC1)C(=O)N[C@H](/C=C/S(=O)(=O)c1ccccc1)CCc1ccccc1,2.0
CHEMBL487275,COC(=O)/C=C/[C@H](CCc1ccccc1)n1cccc(NC(=O)OCc2ccccc2)c1=O,19000.0
CHEMBL374508,CC(C)C[C@H](NC(=O)[C@H]1O[C@@H]1C(=O)O)C(=O)NCCCCN=C(N)N,47.0
CHEMBL592303,C#CCOc1ccc(C(=O)/C=C/c2ccc(OC)c(OC)c2OC)cc1,100000.0
CHEMBL592268,C#CCOc1ccc(C(=O)/C=C/c2ccc(OC)cc2OC)cc1,100000.0
CHEMBL606235,C#CCOc1ccc(C(=O)/C=C/c2ccc(OC)cc2)cc1,100000.0
CHEMBL589904,C#CCOc1cccc(C(=O)/C=C/c2ccc(OC)c(OC)c2OC)c1,100000.0
CHEMBL589903,C#CCOc1cccc(C(=O)/C=C/c2ccc(OC)cc2OC)c1,100000.0
CHEMBL596611,C#CCOc1cccc(C(=O)/C=C/c2ccc(OC)cc2)c1,100000.0
CHEMBL596610,C#CCOc1ccccc1C(=O)/C=C/c1ccc(OC)c(OC)c1OC,100000.0
CHEMBL597220,C#CCOc1ccccc1C(=O)/C=C/c1ccc(OC)cc1OC,100000.0
CHEMBL597219,C#CCOc1ccccc1C(=O)/C=C/c1ccc(OC)cc1,100000.0
CHEMBL597017,C#CCOc1ccc(/C=C/C(=O)c2ccc(OC)c(OC)c2OC)cc1,100000.0
CHEMBL602103,C#CCOc1ccc(/C=C/C(=O)c2ccc(OC)cc2OC)cc1,100000.0
CHEMBL589510,C#CCOc1ccc(/C=C/C(=O)c2ccc(OC)cc2)cc1,100000.0
CHEMBL597626,C#CCOc1cccc(/C=C/C(=O)c2ccc(OC)c(OC)c2OC)c1,19000.0
CHEMBL597625,C#CCOc1cccc(/C=C/C(=O)c2ccc(OC)cc2OC)c1,100000.0
CHEMBL597624,C#CCOc1cccc(/C=C/C(=O)c2ccc(OC)cc2)c1,100000.0
CHEMBL597896,C#CCOc1ccccc1/C=C/C(=O)c1ccc(OC)c(OC)c1OC,100000.0
CHEMBL589509,C#CCOc1ccccc1/C=C/C(=O)c1ccc(OC)cc1OC,100000.0
CHEMBL597892,C#CCOc1ccccc1/C=C/C(=O)c1ccc(OC)cc1,100000.0
CHEMBL191881,CC(=O)N[C@@H](CC(C)C)C(=O)N[C@@H](CC(C)C)C(=O)N[C@H](C=O)CCCNC(=N)N,87.0
CHEMBL191881,CC(=O)N[C@@H](CC(C)C)C(=O)N[C@@H](CC(C)C)C(=O)N[C@H](C=O)CCCNC(=N)N,98.0
CHEMBL1689606,CC(C)CCNC(=O)[C@H](CC(C)C)NC=C1C(=O)Nc2c(Cl)cccc21,42100.0
CHEMBL1689610,CC(C)CCNC(=O)[C@H](Cc1ccccc1)NC=C1C(=O)Nc2ccc(Cl)cc21,43300.0
CHEMBL1689611,CC(C)CCNC(=O)[C@H](CCc1ccccc1)NC=C1C(=O)Nc2c(Cl)cccc21,44000.0
CHEMBL1689604,CC(C)CCNC(=O)[C@H](CC(C)C)NC=C1C(=O)Nc2ccc(Cl)cc21,44100.0
CHEMBL1689605,CC(C)CCNC(=O)[C@H](CC(C)C)NC=C1C(=O)Nc2cc(Cl)ccc21,48500.0
CHEMBL1689609,CC(C)CCNC(=O)[C@H](CCc1ccccc1)NC=C1C(=O)Nc2ccccc21,49900.0
CHEMBL374508,CC(C)C[C@H](NC(=O)[C@H]1O[C@@H]1C(=O)O)C(=O)NCCCCN=C(N)N,111.7
CHEMBL1689595,CN(C)C=C1C(=O)Nc2ccccc21,50000.0
CHEMBL1689596,CN(C)C=C1C(=O)Nc2ccc(Cl)cc21,50000.0
CHEMBL1689597,CN(C)C=C1C(=O)Nc2cc(Cl)ccc21,50000.0
CHEMBL1689598,CN(C)C=C1C(=O)Nc2c(Cl)cccc21,50000.0
CHEMBL1689599,CN(C)C=C1C(=O)N(C)c2ccccc21,50000.0
CHEMBL1689600,O=C1Nc2ccccc2C1=CSCc1ccccc1,50000.0
CHEMBL1689601,O=C1Nc2ccccc2C1=CNc1ccccc1,50000.0
CHEMBL1689594,CCOC(=O)CNC=C1C(=O)Nc2ccccc21,50000.0
CHEMBL1689602,CCOC(=O)[C@H](Cc1ccccc1)NC=C1C(=O)Nc2ccccc21,50000.0
CHEMBL1689603,CC(C)CCNC(=O)[C@H](CC(C)C)NC=C1C(=O)Nc2ccccc21,50000.0
CHEMBL1689607,CC(C)CCNC(=O)[C@H](CC(C)C)NC=C1C(=O)N(C)c2ccccc21,50000.0
CHEMBL1689608,CC(C)CCNC(=O)CNC=C1C(=O)Nc2ccccc21,50000.0
CHEMBL1687962,O=C1Nc2ccccc2C1=CNCCCNc1ccnc2cc(Cl)ccc12,50000.0
CHEMBL1689612,O=C1Nc2ccc(Cl)cc2C1=CNCCCNc1ccnc2cc(Cl)ccc12,50000.0
CHEMBL1689613,O=C1Nc2cc(Cl)ccc2C1=CNCCCNc1ccnc2cc(Cl)ccc12,50000.0
CHEMBL1689614,O=C1Nc2c(Cl)cccc2C1=CNCCCNc1ccnc2cc(Cl)ccc12,50000.0
CHEMBL1689615,CN1C(=O)C(=CNCCCNc2ccnc3cc(Cl)ccc23)c2ccccc21,50000.0
CHEMBL374508,CC(C)C[C@H](NC(=O)[C@H]1O[C@@H]1C(=O)O)C(=O)NCCCCN=C(N)N,20.0
CHEMBL2235041,Cc1ccc2nc(C)cc(N/N=C/c3ccc(O[C@H]4O[C@@H]5O[C@@]6(C)CC[C@H]7[C@H](C)CC[C@@H]([C@H]4C)[C@@]57OO6)cc3)c2c1,780.0
CHEMBL2235040,Cc1cc(N/N=C/c2ccc(O[C@H]3O[C@@H]4O[C@@]5(C)CC[C@H]6[C@H](C)CC[C@@H]([C@H]3C)[C@@]46OO5)cc2)c2ccc(C)c(C)c2n1,840.0
CHEMBL2235039,Cc1cc(N/N=C/c2ccc(O[C@H]3O[C@@H]4O[C@@]5(C)CC[C@H]6[C@H](C)CC[C@@H]([C@H]3C)[C@@]46OO5)cc2)c2ccc(Cl)cc2n1,170.0
CHEMBL2235038,Cc1cc(N/N=C/c2ccc(O[C@H]3O[C@@H]4O[C@@]5(C)CC[C@H]6[C@H](C)CC[C@@H]([C@H]3C)[C@@]46OO5)cc2)c2cc(Br)ccc2n1,260.0
CHEMBL2235037,COc1ccc2nc(C)cc(N/N=C/c3ccc(O[C@H]4O[C@@H]5O[C@@]6(C)CC[C@H]7[C@H](C)CC[C@@H]([C@H]4C)[C@@]57OO6)cc3)c2c1,290.0
CHEMBL2235036,Cc1cc(N/N=C/c2ccc(O[C@H]3O[C@@H]4O[C@@]5(C)CC[C@H]6[C@H](C)CC[C@@H]([C@H]3C)[C@@]46OO5)cc2)c2ccccc2n1,890.0
CHEMBL2235035,Cc1cc(N/N=C/c2ccc(O[C@H]3O[C@@H]4O[C@@]5(C)CC[C@H]6[C@H](C)CC[C@@H]([C@H]3C)[C@@]46OO5)cc2)c2cc(F)ccc2n1,670.0
CHEMBL2235034,Cc1cc(N/N=C/c2ccc(O[C@H]3O[C@@H]4O[C@@]5(C)CC[C@H]6[C@H](C)CC[C@@H]([C@H]3C)[C@@]46OO5)cc2)c2cccc(F)c2n1,280.0
CHEMBL2235033,CCc1cccc2c(N/N=C/c3ccc(O[C@H]4O[C@@H]5O[C@@]6(C)CC[C@H]7[C@H](C)CC[C@@H]([C@H]4C)[C@@]57OO6)cc3)cc(C)nc12,520.0
CHEMBL2235032,Cc1cc(N/N=C/c2ccc(O[C@H]3O[C@@H]4O[C@@]5(C)CC[C@H]6[C@H](C)CC[C@@H]([C@H]3C)[C@@]46OO5)cc2)c2c(Cl)ccc(C)c2n1,390.0
CHEMBL2235031,Cc1cc(N/N=C/c2ccc(O[C@H]3O[C@@H]4O[C@@]5(C)CC[C@H]6[C@H](C)CC[C@@H]([C@H]3C)[C@@]46OO5)cc2)c2cc(Cl)ccc2n1,150.0
CHEMBL2235030,Cc1cc(N/N=C/c2ccc(O[C@H]3O[C@@H]4O[C@@]5(C)CC[C@H]6[C@H](C)CC[C@@H]([C@H]3C)[C@@]46OO5)cc2)c2ccc(Cl)c(C)c2n1,210.0
CHEMBL2235029,Cc1cc(N/N=C/c2ccc(O[C@H]3O[C@@H]4O[C@@]5(C)CC[C@H]6[C@H](C)CC[C@@H]([C@H]3C)[C@@]46OO5)cc2)c2cccc(C)c2n1,2280.0
CHEMBL2235028,Cc1cc(N/N=C/c2ccc(O[C@H]3O[C@@H]4O[C@@]5(C)CC[C@H]6[C@H](C)CC[C@@H]([C@H]3C)[C@@]46OO5)cc2)c2cccc(Br)c2n1,840.0
CHEMBL2260636,CC(=O)OCc1nc(CCC(=O)CSCCCc2ccccc2)sc1CCc1ccccc1,50000.0
CHEMBL2260635,O=C(CCc1nc(CO)c(CCc2ccccc2)s1)CSCCCc1ccccc1,50000.0
CHEMBL2260634,NC(=O)CCc1sc(NC(=O)CSCCCc2ccccc2)nc1/C=C/c1ccccc1,55200.0
CHEMBL2260632,CC(=O)NCCCc1sc(CCC(=O)CSCCCc2ccccc2)nc1CCc1ccccc1,50000.0
CHEMBL2260631,NC(=O)CCc1sc(CCC(=O)CSCCCc2ccccc2)nc1CCc1ccccc1,50000.0
CHEMBL2260630,O=CCCc1sc(CCC(=O)CSCCCc2ccccc2)nc1CCc1ccccc1,50000.0
CHEMBL2260629,O=C(CCc1nc(CCc2ccccc2)c(CCCO)s1)CSCCCc1ccccc1,50000.0
CHEMBL2260628,O=C(/C=C/c1nc(CCc2ccccc2)c(CCCO)s1)CSCCCc1ccccc1,29400.0
CHEMBL2260636,CC(=O)OCc1nc(CCC(=O)CSCCCc2ccccc2)sc1CCc1ccccc1,33000.0
CHEMBL2260635,O=C(CCc1nc(CO)c(CCc2ccccc2)s1)CSCCCc1ccccc1,12500.0
CHEMBL2260634,NC(=O)CCc1sc(NC(=O)CSCCCc2ccccc2)nc1/C=C/c1ccccc1,15300.0
CHEMBL2260632,CC(=O)NCCCc1sc(CCC(=O)CSCCCc2ccccc2)nc1CCc1ccccc1,33000.0
CHEMBL2260631,NC(=O)CCc1sc(CCC(=O)CSCCCc2ccccc2)nc1CCc1ccccc1,33000.0
CHEMBL2260630,O=CCCc1sc(CCC(=O)CSCCCc2ccccc2)nc1CCc1ccccc1,39100.0
CHEMBL2260629,O=C(CCc1nc(CCc2ccccc2)c(CCCO)s1)CSCCCc1ccccc1,12500.0
CHEMBL2260628,O=C(/C=C/c1nc(CCc2ccccc2)c(CCCO)s1)CSCCCc1ccccc1,6600.0
CHEMBL3120850,O=C(CN1CCOCC1)[C@H](CCc1ccccc1)NC(=O)[C@@H]1C[C@@H](O)CN1C(=O)OCc1ccccc1,50000.0
CHEMBL3120849,CC(=O)SCC(=O)[C@H](CCc1ccccc1)NC(=O)[C@@H]1C[C@@H](O)CN1C(=O)OCc1ccccc1,50000.0
CHEMBL3120848,O=C(CSCCCc1ccccc1)[C@H](CCc1ccccc1)NC(=O)[C@@H]1C[C@@H](O)CN1C(=O)OCc1ccccc1,1100.0
CHEMBL3120847,O=C(CO)[C@H](CCc1ccccc1)NC(=O)[C@@H]1C[C@@H](O)CN1C(=O)OCc1ccccc1,80.0
CHEMBL3120846,O=C(NC1C2C=CC(C2)C1C(=O)N[C@@H](CCc1ccccc1)C(=O)CO)OCc1ccccc1,33640.0
CHEMBL3120844,O=C(N[C@@H](CCc1ccccc1)C(=O)N[C@@H](CCc1ccccc1)C(=O)CO)OCc1ccccc1,30080.0
CHEMBL3120845,CC(=O)OCC(=O)[C@H](CCc1ccccc1)NC(=O)C1C2C=CC(C2)C1NC(=O)OCc1ccccc1,50000.0
CHEMBL3120843,CC(=O)OCC(=O)[C@H](CCc1ccccc1)NC(=O)[C@H](CCc1ccccc1)NC(=O)OCc1ccccc1,29670.0
CHEMBL3120842,O=C(NC1(C(=O)N[C@@H](CCc2ccccc2)C(=O)CO)CCSCC1)OCc1ccccc1,3250.0
CHEMBL3120840,O=C1CCC(NC(=O)OCc2ccccc2)(C(=O)N[C@@H](CCc2ccccc2)C(=O)CO)CC1,50000.0
CHEMBL3120841,CC(=O)OCC(=O)[C@H](CCc1ccccc1)NC(=O)C1(NC(=O)OCc2ccccc2)CCSCC1,33860.0
CHEMBL3120839,O=C(CO)[C@H](CCc1ccccc1)NC(=O)[C@@H]1Cc2ccccc2CN1C(=O)OCc1ccccc1,50000.0
CHEMBL3120838,CC(=O)OCC(=O)[C@H](CCc1ccccc1)NC(=O)[C@@H]1Cc2ccccc2CN1C(=O)OCc1ccccc1,50000.0
CHEMBL3120836,O=C(N[C@H]1CC=CC[C@H]1C(=O)N[C@@H](CCc1ccccc1)C(=O)CO)OCc1ccccc1,50000.0
CHEMBL3120837,O=C(N[C@H]1CCC[C@H]1C(=O)N[C@@H](CCc1ccccc1)C(=O)CO)OCc1ccccc1,50000.0
CHEMBL3120835,O=C(N[C@@H]1CCCC[C@@H]1C(=O)N[C@@H](CCc1ccccc1)C(=O)CO)OCc1ccccc1,4420.0
CHEMBL3120834,O=C(N[C@H]1CCCC[C@H]1C(=O)N[C@@H](CCc1ccccc1)C(=O)CO)OCc1ccccc1,5520.0
CHEMBL3120832,CC(=O)OCC(=O)[C@H](CCc1ccccc1)NC(=O)[C@@H]1COC(C)(C)N1C(=O)OCc1ccccc1,50000.0
CHEMBL3120833,CC1(C)OC[C@@H](C(=O)N[C@@H](CCc2ccccc2)C(=O)CO)N1C(=O)OCc1ccccc1,50000.0
CHEMBL3120831,CC(=O)SCC(=O)[C@H](CCc1ccccc1)NC(=O)[C@@H]1CCCN1C(=O)OCc1ccccc1,50000.0
CHEMBL3120829,O=C(CO)[C@H](CCc1ccccc1)NC(=O)[C@@H]1CCCN1C(=O)OCc1ccccc1,50000.0
CHEMBL3120830,O=C(CSCCCc1ccccc1)[C@H](CCc1ccccc1)NC(=O)[C@@H]1CCCN1C(=O)OCc1ccccc1,48130.0
CHEMBL3352874,CC(C)C[C@H](NC(=O)[C@H](CC(C)C)NC(=O)[C@H](C(C)C)N(C)C)C(=O)N[C@@H](C)/C=C/C(=O)N1C(=O)C=C(OCc2ccccc2)[C@@H]1C(C)C.O=C(O)C(F)(F)F,6.86
CHEMBL3358144,CC(C)C[C@H](NC(=O)[C@H](CC(C)C)NC(=O)[C@H](C(C)C)N(C)C)C(=O)N[C@@H](C)/C=C/C(=O)N1CC(OCc2ccccc2)=CC1=O.O=C(O)C(F)(F)F,9.59
CHEMBL3358143,COC1=CC(=O)N(C(=O)/C=C/[C@H](C)NC(=O)[C@H](CC(C)C)NC(=O)[C@H](CC(C)C)NC(=O)[C@H](C(C)C)N(C)C)[C@H]1Cc1c[nH]c2ccccc12.O=C(O)C(F)(F)F,12.0
CHEMBL3358142,COC1=CC(=O)N(C(=O)/C=C/[C@H](C)NC(=O)[C@H](CC(C)C)NC(=O)[C@H](CC(C)C)NC(=O)[C@H](C(C)C)N(C)C)[C@H]1Cc1ccc(O)cc1.O=C(O)C(F)(F)F,5.25
CHEMBL3358141,COC1=CC(=O)N(C(=O)/C=C/[C@H](C)NC(=O)[C@H](CC(C)C)NC(=O)[C@H](CC(C)C)NC(=O)[C@H](C(C)C)N(C)C)[C@H]1C(C)C.O=C(O)C(F)(F)F,9.52
CHEMBL3358140,COC1=CC(=O)N(C(=O)/C=C/[C@H](C)NC(=O)[C@H](CC(C)C)NC(=O)[C@H](CC(C)C)NC(=O)[C@H](C(C)C)N(C)C)C1.O=C(O)C(F)(F)F,24.8
CHEMBL3358139,CC[C@H](C)[C@@H](C(=O)N[C@@H](CC(C)C)C(=O)N[C@@H](CC(C)C)C(=O)N[C@H](C(=O)N[C@@H](C)/C=C/C(=O)N[C@@H](C)C(=O)N1C[C@@H](O)C[C@H]1C(=O)OC)C(C)C)N(C)C.O=C(O)C(F)(F)F,50000.0
CHEMBL3358138,CC[C@H](C)[C@@H](C(=O)N[C@@H](CC(C)C)C(=O)N[C@@H](CC(C)C)C(=O)N[C@H](C(=O)N[C@@H](C)/C=C/C(=O)N[C@@H](C)C(=O)NCc1ccccc1)C(C)C)N(C)C.O=C(O)C(F)(F)F,50000.0
CHEMBL3358137,CC(C)C[C@H](NC(=O)[C@H](CC(C)C)NC(=O)[C@@H]1CCCN1C)C(=O)N[C@@H](C)/C=C/C(=O)N[C@@H](C)C(=O)NCc1ccccc1.O=C(O)C(F)(F)F,6000.0
CHEMBL3358136,CC(C)C[C@H](NC(=O)[C@H](CC(C)C)NC(=O)[C@@H](C(C)C)N(C)C)C(=O)N[C@@H](C)/C=C/C(=O)N[C@@H](C)C(=O)NCc1ccccc1.O=C(O)C(F)(F)F,3400.0
CHEMBL3358135,CC(C)C[C@H](NC(=O)[C@H](CC(C)C)NC(=O)[C@H](C(C)C)N(C)C)C(=O)N[C@@H](C)/C=C/C(=O)N[C@@H](C)C(=O)Nc1nccs1.O=C(O)C(F)(F)F,2500.0
CHEMBL3358134,CC(C)C[C@H](NC(=O)[C@H](CC(C)C)NC(=O)[C@H](C(C)C)N(C)C)C(=O)N[C@@H](C)/C=C/C(=O)N[C@@H](C)C(=O)NCc1ccccc1.O=C(O)C(F)(F)F,11500.0
CHEMBL3358133,CC[C@H](C)[C@@H](C(=O)N[C@@H](CC(C)C)C(=O)N[C@@H](CC(C)C)C(=O)N[C@@H](C)/C=C/C(=O)N[C@@H](C)C(=O)N1C[C@@H](O)C[C@H]1C(=O)OC)N(C)C.O=C(O)C(F)(F)F,7700.0
CHEMBL3358132,CC[C@H](C)[C@@H](C(=O)N[C@@H](CC(C)C)C(=O)N[C@@H](CC(C)C)C(=O)N[C@@H](C)/C=C/C(=O)N[C@@H](C)C(=O)NCc1ccccc1)N(C)C.O=C(O)C(F)(F)F,10500.0
CHEMBL3358131,CO[C@H]1CC(=O)N(C(=O)CC[C@H](C)NC(=O)[C@H](CC(C)C)NC(=O)[C@H](CC(C)C)NC(=O)[C@H](C(C)C)N(C)C)[C@H]1C.O=C(O)C(F)(F)F,50000.0
CHEMBL3358130,COC1=CC(=O)N(C(=O)CC[C@H](C)NC(=O)[C@H](CC(C)C)NC(=O)[C@H](CC(C)C)NC(=O)[C@H](C(C)C)N(C)C)[C@H]1C.O=C(O)C(F)(F)F,3710.0
CHEMBL3358129,CO[C@H]1CC(=O)N(C(=O)/C=C/[C@H](C)NC(=O)[C@H](CC(C)C)NC(=O)[C@H](CC(C)C)NC(=O)[C@H](C(C)C)N(C)C)[C@H]1C.O=C(O)C(F)(F)F,2.81
CHEMBL3358128,COC1=CC(=O)N(C(=O)/C=C/[C@H](C)NC(=O)[C@H](CC(C)C)NC(=O)[C@H](CC(C)C)NC(=O)[C@H](C(C)C)N(C)C)[C@H]1C.O=C(O)C(F)(F)F,6.78
CHEMBL541700,CC[C@H](C)[C@@H](C(=O)O[C@@H](CC(C)C)C(=O)N[C@@H](CC(C)C)C(=O)N[C@@H](C)/C=C/C(=O)N1C(=O)C=C(OC)[C@@H]1C)N(C)C,8.5
CHEMBL541700,CC[C@H](C)[C@@H](C(=O)O[C@@H](CC(C)C)C(=O)N[C@@H](CC(C)C)C(=O)N[C@@H](C)/C=C/C(=O)N1C(=O)C=C(OC)[C@@H]1C)N(C)C,8.5
CHEMBL4101714,COC(=O)/C=C/[C@H](CCc1ccccc1)NC(=O)[C@H](CC(C)C)NC(=O)OCc1ccccc1,9530.0
CHEMBL4100751,COC(=O)/C=C/[C@H](CCc1ccccc1)NC(=O)[C@H](CC(C)C)NC(=O)OCc1ccc([N+](=O)[O-])cc1,9630.0
CHEMBL4082758,COC(=O)/C=C/[C@H](CCc1ccccc1)NC(=O)[C@H](Cc1ccccc1)NC(=O)OCc1ccccc1,50000.0
CHEMBL4093034,COC(=O)/C=C/[C@H](CCc1ccccc1)NC(=O)[C@H](Cc1ccccc1)NC(=O)OCc1ccc([N+](=O)[O-])cc1,50000.0
CHEMBL4072275,CC(=O)/C=C/[C@H](CCc1ccccc1)NC(=O)[C@H](CC(C)C)NC(=O)OCc1ccccc1,250.0
CHEMBL4096388,CC(=O)/C=C/[C@H](CCc1ccccc1)NC(=O)[C@H](CC(C)C)NC(=O)OCc1ccc([N+](=O)[O-])cc1,110.0
CHEMBL4078345,CC(=O)/C=C/[C@H](CCc1ccccc1)NC(=O)[C@H](Cc1ccccc1)NC(=O)OCc1ccccc1,3010.0
CHEMBL4062015,CC(=O)/C=C/[C@H](CCc1ccccc1)NC(=O)[C@H](Cc1ccccc1)NC(=O)OCc1ccc([N+](=O)[O-])cc1,780.0
CHEMBL4083754,CC(C)C[C@H](NC(=O)OCc1ccccc1)C(=O)N[C@H](/C=C/S(=O)(=O)c1ccccc1)CCc1ccccc1,780.0
CHEMBL4070637,CC(C)C[C@H](NC(=O)OCc1ccc([N+](=O)[O-])cc1)C(=O)N[C@H](/C=C/S(=O)(=O)c1ccccc1)CCc1ccccc1,1320.0
CHEMBL2402204,O=C(N[C@@H](Cc1ccccc1)C(=O)N[C@H](/C=C/S(=O)(=O)c1ccccc1)CCc1ccccc1)OCc1ccccc1,7330.0
CHEMBL4081250,O=C(N[C@@H](Cc1ccccc1)C(=O)N[C@H](/C=C/S(=O)(=O)c1ccccc1)CCc1ccccc1)OCc1ccc([N+](=O)[O-])cc1,50000.0
CHEMBL4099269,CC(C)C[C@H](NC(=O)OCc1ccccc1)C(=O)N[C@H](/C=C/C#N)CCc1ccccc1,50000.0
CHEMBL4090306,CC(C)C[C@H](NC(=O)OCc1ccc([N+](=O)[O-])cc1)C(=O)N[C@H](/C=C/C#N)CCc1ccccc1,50000.0
CHEMBL4060936,N#C/C=C/[C@H](CCc1ccccc1)NC(=O)[C@H](Cc1ccccc1)NC(=O)OCc1ccccc1,50000.0
CHEMBL4074432,N#C/C=C/[C@H](CCc1ccccc1)NC(=O)[C@H](Cc1ccccc1)NC(=O)OCc1ccc([N+](=O)[O-])cc1,50000.0
CHEMBL374508,CC(C)C[C@H](NC(=O)[C@H]1O[C@@H]1C(=O)O)C(=O)NCCCCN=C(N)N,250.0
CHEMBL2235031,Cc1cc(N/N=C/c2ccc(O[C@H]3O[C@@H]4O[C@@]5(C)CC[C@H]6[C@H](C)CC[C@@H]([C@H]3C)[C@@]46OO5)cc2)c2cc(Cl)ccc2n1,150.0
CHEMBL4227848,CN1CCCC(c2cccc(C(=O)N[C@@H](Cc3cccnc3)C(=O)NC3(C#N)CC3)c2)C1,8.6
CHEMBL4227031,CN1CCN(Cc2ccc(-c3cncc(C(=O)N[C@@H](Cc4cccnc4)C(=O)NC4(C#N)CC4)c3)cc2)CC1,2.4
CHEMBL4227486,N#CC1(NC(=O)[C@H](Cc2cccnc2)NC(=O)c2cccc(-n3cnnn3)c2)CC1,3.0
CHEMBL4226307,N#CC1(NC(=O)[C@H](Cc2cccnc2)NC(=O)c2cccc(-c3cn[nH]c3)c2)CC1,1.2
CHEMBL4227166,N#CC1(NC(=O)[C@H](Cc2cccnc2)NC(=O)c2cccc(-c3ncc[nH]3)c2)CC1,2.7
CHEMBL4226577,CS(=O)(=O)c1cccc(-c2cccc(C(=O)N[C@@H](Cc3cccnc3)C(=O)NC3(C#N)CC3)c2)c1,8.2
CHEMBL4227427,Cn1nc(C(F)(F)F)cc1-c1ccc(C(=O)N[C@@H](Cc2cccnc2)C(=O)NC2(C#N)CCS(=O)(=O)CC2)s1,6.3
CHEMBL4224764,Cn1nc(C(F)(F)F)cc1-c1ccc(C(=O)N[C@@H](Cc2cccnc2)C(=O)NC2(C#N)CC2)s1,2.2
CHEMBL4227696,CN1CCN(Cc2ccc(C(=O)N[C@@H](Cc3cccnc3)C(=O)NC3(C#N)CCS(=O)(=O)CC3)s2)CC1,55.4
CHEMBL4225350,CN1CCN(Cc2ccc(C(=O)N[C@@H](Cc3cccnc3)C(=O)NC3(C#N)CC3)s2)CC1,25.9
CHEMBL4227965,N#CC1(NC(=O)[C@H](Cc2c[nH]c3ccc(O)cc23)NC(=O)c2ccc(-c3ccccc3)cc2)CC1,192.0
CHEMBL4228920,N#CC1(NC(=O)[C@H](Cc2nc3ccccc3s2)NC(=O)c2ccc(-c3ccccc3)cc2)CC1,5000.0
CHEMBL4228081,N#CC1(NC(=O)[C@@H](Cc2cccnc2)NC(=O)c2ccc(-c3ccccc3)cc2)CC1,5000.0
CHEMBL4229174,N#CC1(NC(=O)C(Cc2ccc(Cl)nc2)NC(=O)c2ccc(-c3ccccc3)cc2)CC1,230.0
CHEMBL4228343,COc1ccc(CC(NC(=O)c2ccc(-c3ccccc3)cc2)C(=O)NC2(C#N)CC2)cn1,178.0
CHEMBL4224829,N#CC1(NC(=O)[C@H](Cc2cscn2)NC(=O)c2ccc(-c3ccccc3)cc2)CC1,137.0
CHEMBL4228604,N#CC1(NC(=O)[C@H](Cc2ccncc2)NC(=O)c2ccc(-c3ccccc3)cc2)CC1,5000.0
CHEMBL4225099,N#CC1(NC(=O)[C@H](Cc2ccccn2)NC(=O)c2ccc(-c3ccccc3)cc2)CC1,5000.0
CHEMBL4228861,N#CC1(NC(=O)[C@H](Cc2cccnc2)NC(=O)c2ccc(-c3ccccc3)cc2)CC1,23.1
CHEMBL4225367,N#CC1(NC(=O)[C@H](Cc2ccc(O[C@@H]3CCNC3)cc2)NC(=O)c2ccc(-c3ccccc3)cc2)CC1,1585.0
CHEMBL4228800,CN(C)c1ccc(C[C@H](NC(=O)c2ccc(-c3ccccc3)cc2)C(=O)NC2(C#N)CC2)cc1,5000.0
CHEMBL4226767,N#CC1(NC(=O)[C@H](Cc2ccccc2)NC(=O)c2ccc(-c3ccccc3)cc2)CC1,667.0
CHEMBL4227619,CN1CCN(C(=O)C[C@H](NC(=O)c2ccc(-c3ccccc3)cc2)C(=O)NC2(C#N)CC2)CC1,5000.0
CHEMBL4227566,N#CC1(NC(=O)[C@H](CCCCCN)NC(=O)c2ccc(-c3ccccc3)cc2)CC1,5000.0
CHEMBL4228399,N#CC1(NC(=O)[C@H](CCCCN)NC(=O)c2ccc(-c3ccccc3)cc2)CC1,5000.0
CHEMBL4227295,CC(C)C[C@H](NC(=O)c1ccc(-c2ccccc2)cc1)C(=O)NC1(C#N)CC1,27.0
CHEMBL4228143,CC(C)C[C@H](NC(=O)c1ccc(CN2CCN(C)CC2)cc1)C(=O)NC1(C#N)CCS(=O)(=O)CC1,57.0
CHEMBL1215628,CC(C)CN(NC(=O)c1ccc(CN2CCN(C)CC2)cc1)c1nc(C#N)ncc1Br,0.6
CHEMBL4228926,CC(C)C[C@H](NC(=O)c1ccc(-c2ccccc2)cc1)C(=O)NC1(C#N)CCS(=O)(=O)CC1,8.0
CHEMBL4516951,COC1=CC(=O)N(C(=O)/C=C/[C@@H](NC(=O)[C@H](CC(C)C)NC(=O)[C@H](CC2CCCCC2)NC(=O)[C@H](C(C)C)N(C)C)C2CCCCC2)[C@H]1Cc1c[nH]c2ccccc12.O=C(O)C(F)(F)F,169.0
CHEMBL4456644,COC1=CC(=O)N(C(=O)/C=C/[C@H](CC2CCCCC2)NC(=O)[C@H](CC(C)C)NC(=O)[C@H](CC(C)C)NC(=O)[C@H](C(C)C)N(C)C)[C@H]1Cc1c[nH]c2ccccc12.O=C(O)C(F)(F)F,270.0
CHEMBL4439637,COC1=CC(=O)N(C(=O)/C=C/[C@H](CCc2ccccc2)NC(=O)[C@H](CC(C)C)NC(=O)[C@H](CC(C)C)NC(=O)[C@H](C(C)C)N(C)C)[C@H]1Cc1c[nH]c2ccccc12.O=C(O)C(F)(F)F,33.0
CHEMBL1458713,CC(C)C[C@H](NC(=O)[C@@H]1O[C@H]1C(=O)O)C(=O)NCCCCN=C(N)N,68.0
CHEMBL4472824,COC1=CC(=O)N(C(=O)/C=C/[C@H](C)NC(=O)[C@H](CC(C)C)NC(=O)[C@H](CC2CCCCC2)NC(=O)[C@H](C(C)C)N(C)C)[C@H]1Cc1c[nH]c2ccccc12.O=C(O)C(F)(F)F,59.0
CHEMBL4467013,COC1=CC(=O)N(C(=O)/C=C/[C@H](C)NC(=O)[C@H](CC(C)C)NC(=O)[C@H](CC2CCCCC2)NC(=O)C2CCN(C)CC2)[C@H]1Cc1c[nH]c2ccccc12.O=C(O)C(F)(F)F,31.0
CHEMBL4434685,COC1=CC(=O)N(C(=O)/C=C/[C@H](C)NC(=O)[C@H](CC(C)C)NC(=O)[C@H](CC(C)C)NC(=O)C2CCN(C)CC2)[C@H]1Cc1c[nH]c2ccccc12.O=C(O)C(F)(F)F,29.0
CHEMBL4564002,COC1=CC(=O)N(C(=O)/C=C/[C@H](C)NC(=O)[C@H](CC(C)C)NC(=O)[C@H](Cc2ccccc2)NC(=O)[C@H](C(C)C)N(C)C)[C@H]1Cc1c[nH]c2ccccc12.O=C(O)C(F)(F)F,60.0
CHEMBL4442854,COC1=CC(=O)N(C(=O)/C=C/[C@H](C)NC(=O)[C@H](CC(C)C)NC(=O)[C@H](CCc2ccccc2)NC(=O)[C@H](C(C)C)N(C)C)[C@H]1Cc1c[nH]c2ccccc12.O=C(O)C(F)(F)F,57.0
CHEMBL4473513,COC1=CC(=O)N(C(=O)/C=C/[C@H](C)NC(=O)[C@H](CCc2ccccc2)NC(=O)[C@H](CC(C)C)NC(=O)[C@H](C(C)C)N(C)C)[C@H]1Cc1c[nH]c2ccccc12.O=C(O)C(F)(F)F,3097.0
CHEMBL4594166,COC1=CC(=O)N(C(=O)/C=C/[C@H](C)NC(=O)[C@H](CCc2ccccc2)NC(=O)[C@H](CC2CCCCC2)NC(=O)[C@H](C(C)C)N(C)C)[C@H]1Cc1c[nH]c2ccccc12.O=C(O)C(F)(F)F,3523.0
CHEMBL4475837,COC1=CC(=O)N(C(=O)/C=C/[C@H](C)NC(=O)[C@H](CC2CCCCC2)NC(=O)[C@H](CC2CCCCC2)NC(=O)[C@H](C(C)C)N(C)C)[C@H]1Cc1c[nH]c2ccccc12.O=C(O)C(F)(F)F,464.0
CHEMBL4437416,COC1=CC(=O)N(C(=O)/C=C/[C@H](C)NC(=O)[C@H](CC2CCCCC2)NC(=O)[C@H](CC(C)C)NC(=O)[C@H](C(C)C)N(C)C)[C@H]1Cc1c[nH]c2ccccc12.O=C(O)C(F)(F)F,235.0
CHEMBL4555968,COC1=CC(=O)N(C(=O)/C=C/[C@H](C)NC(=O)[C@H](CC2CCCCC2)NC(=O)[C@H](CC2CCCCC2)NC(=O)C2CCN(C)CC2)[C@H]1Cc1c[nH]c2ccccc12.O=C(O)C(F)(F)F,455.0
CHEMBL4527228,COC1=CC(=O)N(C(=O)/C=C/[C@H](C)NC(=O)[C@H](CC2CCCCC2)NC(=O)[C@H](CC(C)C)NC(=O)C2CCN(C)CC2)[C@H]1Cc1c[nH]c2ccccc12.O=C(O)C(F)(F)F,156.0
CHEMBL4562998,COC1=CC(=O)N(C(=O)/C=C/[C@H](C)NC(=O)C(C)(C)NC(=O)[C@H](CC(C)C)NC(=O)[C@H](C(C)C)N(C)C)[C@H]1Cc1c[nH]c2ccccc12.O=C(O)C(F)(F)F,50000.0
CHEMBL4555310,COC1=CC(=O)N(C(=O)/C=C/C(C)(C)NC(=O)[C@H](CC(C)C)NC(=O)[C@H](CC(C)C)NC(=O)[C@H](C(C)C)N(C)C)[C@H]1Cc1c[nH]c2ccccc12.O=C(O)C(F)(F)F,50000.0
CHEMBL4442674,COC1=CC(=O)N(C(=O)/C=C/[C@@H](NC(=O)[C@H](CC(C)C)NC(=O)[C@H](CC(C)C)NC(=O)[C@H](C(C)C)N(C)C)C2CCCCC2)[C@H]1Cc1c[nH]c2ccccc12.O=C(O)C(F)(F)F,84.0
CHEMBL1302947,O=C(Cn1nnc(-c2ccccc2)n1)NNC(=O)c1ccco1,6670.0
CHEMBL4451728,COc1ccc(NC(=O)Cn2nnc(-c3ccccc3NC(=O)c3cc(OC)cc(OC)c3)n2)cc1,6670.0
CHEMBL4582464,CC(C(=O)N1c2ccccc2CCc2ccccc21)n1nnc(-c2ccc(N3CCOCC3)cc2)n1,6670.0
CHEMBL4449400,COc1ccc(NC(=O)Cn2nnc(-c3ccccc3NS(=O)(=O)c3ccc(NC(C)=O)cc3)n2)cc1,6670.0
CHEMBL4582597,CCCCOc1ccc(-c2nnn(CC(=O)Nc3c(C)ccc4ccccc34)n2)cc1,6670.0
CHEMBL4578038,COc1ccc(C(=O)Cn2nnc(-c3ccccc3NC(=O)c3ccncc3)n2)cc1,6670.0
CHEMBL4458321,CCCCOc1ccc(-c2nnn(CC(=O)c3ccc(Cl)cc3)n2)cc1,6670.0
CHEMBL4551614,COc1ccc(-c2ccc(-c3nnn(CC(=O)c4ccccc4)n3)cc2)cc1,6670.0
CHEMBL1584095,Cc1cc(NC(=O)Cn2nnc(-c3ccccc3NC(=O)c3ccccc3F)n2)no1,6670.0
CHEMBL4444541,COc1ccc(C(=O)Nc2ccc(-c3nnn(CC(=O)Nc4cc(C)on4)n3)cc2)cc1,6670.0
CHEMBL4471644,Cc1cc(NC(=O)Cn2nnc(-c3ccc(N)cc3)n2)no1,6670.0
CHEMBL4646055,CN1CCCc2cc(CCNC(=O)C(=O)Nc3ccc4c(c3)OCO4)ccc21,14710.0
CHEMBL4637201,O=C(NCCCNC(=O)c1cc2ccccc2[nH]1)c1ccc(-c2ccccc2)cc1,12160.0
CHEMBL327624,O=C(N[C@H](/C=C/S(=O)(=O)c1ccccc1)CCc1ccccc1)[C@H](Cc1ccccc1)NC(=O)N1CCOCC1,80.0
CHEMBL486232,CC(C)C[C@H](NC(=O)N1CCOCC1)C(=O)N[C@H](/C=C/S(=O)(=O)c1ccccc1)CCc1ccccc1,3.0
CHEMBL5411543,CC(C)C[C@H](NC(=O)N1CCN(C)CC1)C(=O)N[C@H](/C=C/S(=O)(=O)c1ccccc1)CCc1ccccc1,5.0
CHEMBL5420328,CC(C)C[C@H](NC(=O)N1CCN(C)CC1)C(=O)N[C@H](/C=C/S(=O)(=O)c1ccc2ccccc2c1)CCc1ccccc1,2.0
CHEMBL5419296,Oc1ccc(-c2nccc3ccc(Cc4ccccc4)cc23)cc1,8000.0
CHEMBL5397408,COc1ccc(-c2nccc3ccc(Cc4ccccc4)cc23)cc1,10000.0
CHEMBL5420093,COc1cc2ccnc(-c3ccc(OCc4ccccc4)cc3)c2cc1OC,3000.0
CHEMBL541700,CC[C@H](C)[C@@H](C(=O)O[C@@H](CC(C)C)C(=O)N[C@@H](CC(C)C)C(=O)N[C@@H](C)/C=C/C(=O)N1C(=O)C=C(OC)[C@@H]1C)N(C)C,8.5
CHEMBL1213751,COc1cc2cc(/C=C/C(=O)c3ccc(Cl)cc3Cl)c(Cl)nc2cc1OC,100000.0
CHEMBL5424800,O=[N+]([O-])c1ccc(-n2cc(COc3ccnc4cc(Cl)ccc34)nn2)cc1,16160.0
CHEMBL5416707,COc1ccc(-n2cc(COc3ccnc4cc(Cl)ccc34)nn2)cc1,25370.0
CHEMBL5404412,Fc1ccc(-n2cc(COc3ccnc4cc(Cl)ccc34)nn2)c(F)c1,25380.0
CHEMBL5406869,Fc1ccc(-n2cc(COc3ccnc4cc(Cl)ccc34)nn2)cc1F,25640.0
CHEMBL5399441,Cc1ccc(-n2cc(COc3ccnc4cc(Cl)ccc34)nn2)cc1,26590.0
CHEMBL5402350,Fc1ccc(-n2cc(COc3ccnc4cc(Cl)ccc34)nn2)cc1Cl,45080.0
CHEMBL5417979,Fc1ccccc1-n1cc(COc2ccnc3cc(Cl)ccc23)nn1,107320.0
CHEMBL5394920,O=C(c1cc(Cl)nc2ccccc12)N1CCN(c2ccnc3cc(Cl)ccc23)CC1,4780.0
CHEMBL5395393,CC(=O)Nc1ccc(S(=O)(=O)N2CCN(C(=O)c3cc(Cl)nc4ccccc34)CC2)cc1,7370.0
CHEMBL5439062,COc1ccc(-c2cc(C(=O)N3CCN(S(=O)(=O)c4ccc(NC(C)=O)cc4)CC3)c3ccccc3n2)cc1,2140.0
CHEMBL5425369,CC(=O)Nc1ccc(S(=O)(=O)N2CCN(C(=O)c3cc(-c4ccc(OC(F)(F)F)cc4)nc4ccccc34)CC2)cc1,2640.0
CHEMBL5398030,O=C(c1cc(-c2ccccc2)nc2ccccc12)N1CCN(c2cc(=O)[nH]c3ccccc23)CC1,13010.0
CHEMBL5412407,O=C(c1cc(-c2ccccc2)nc2ccccc12)N1CCN(S(=O)(=O)c2ccc(Cl)cc2Cl)CC1,4200.0
CHEMBL5437576,COc1cc(OC)c(/C=C2\SC(=O)N(CC(=O)N3CCN(c4ccccc4)CC3)C2=O)c(OC)c1,25500.0
CHEMBL5408566,O=C(N[C@H](Cc1c[nH]c2ccccc12)C(=O)NCc1ccccc1)Oc1ccccc1,29700.0
CHEMBL5420035,O=C(Cc1ccccc1)N[C@H](Cc1c[nH]c2ccccc12)C(=O)NCc1ccccc1,39400.0
CHEMBL5438601,O=C(N[C@H](Cc1c[nH]c2ccccc12)C(=O)NCc1ccc([N+](=O)[O-])cc1)Oc1ccccc1,10000.0
CHEMBL5400936,COC(=O)c1ccc(CNC(=O)[C@@H](Cc2c[nH]c3ccccc23)NC(=O)Oc2ccccc2)cc1,13300.0
CHEMBL5436591,CCOc1ccc(NC(=O)N/N=C/c2ccc(C(=O)O[C@@H]3O[C@@H]4O[C@@]5(C)CC[C@H]6[C@H](C)CC[C@@H]([C@H]3C)[C@@]46OO5)cc2)cc1,290.0
CHEMBL5394407,C[C@H]1[C@H](OC(=O)c2ccc(/C=N/NC(=O)Nc3ccccc3F)cc2)O[C@@H]2O[C@@]3(C)CC[C@H]4[C@H](C)CC[C@@H]1[C@@]24OO3,470.0
CHEMBL5420927,C[C@H]1[C@H](OC(=O)c2ccc(/C=N/NC(=O)Nc3ccc(F)cc3)cc2)O[C@@H]2O[C@@]3(C)CC[C@H]4[C@H](C)CC[C@@H]1[C@@]24OO3,650.0
CHEMBL5411995,Cc1cc(C)cc(NC(=O)N/N=C/c2ccc(C(=O)O[C@@H]3O[C@@H]4O[C@@]5(C)CC[C@H]6[C@H](C)CC[C@@H]([C@H]3C)[C@@]46OO5)cc2)c1,570.0
CHEMBL5426937,C[C@H]1[C@@H](Oc2ccc(/C=N/NC(=S)Nc3ccccc3F)cc2)O[C@@H]2O[C@@]3(C)CC[C@H]4[C@H](C)CC[C@@H]1[C@@]24OO3,2510.0
CHEMBL5411313,Cc1ccc(NC(=S)N/N=C/c2ccc(O[C@H]3O[C@@H]4O[C@@]5(C)CC[C@H]6[C@H](C)CC[C@@H]([C@H]3C)[C@@]46OO5)cc2)c(C)c1,1350.0
CHEMBL5428518,Cc1ccc(NC(=O)N/N=C/c2ccc(O[C@H]3O[C@@H]4O[C@@]5(C)CC[C@H]6[C@H](C)CC[C@@H]([C@H]3C)[C@@]46OO5)cc2)c(C)c1,1030.0
CHEMBL5398031,CCOc1cccc(NC(=S)N/N=C/c2ccc(O[C@H]3O[C@@H]4O[C@@]5(C)CC[C@H]6[C@H](C)CC[C@@H]([C@H]3C)[C@@]46OO5)cc2)c1,520.0
CHEMBL5434197,NC(=O)c1c(NC(=O)CSc2nc3scc(-c4ccccc4)c3c(=O)n2C2CCCCC2)sc2c1CCC2,1460.0
CHEMBL5404235,C=CCn1c(SCC(=O)Nc2sc3c(c2C(N)=O)CCC3)nc2sc3c(c2c1=O)CCCC3,5770.0
CHEMBL5424376,C=CCn1c(SCC(=O)Nc2sc3c(c2C(N)=O)CCC3)nc2scc(-c3ccc(Cl)cc3)c2c1=O,2950.0
CHEMBL5419333,C=CCn1c(SCC(=O)Nc2sc3c(c2C(N)=O)CCC3)nc2scc(-c3cccc([N+](=O)[O-])c3)c2c1=O,11800.0
CHEMBL559434,C=CCn1c(SCC(=O)Nc2sc3c(c2C(N)=O)CCC3)nc2scc(-c3ccccc3)c2c1=O,2810.0
CHEMBL5426764,O=C(/C=C\c1ccc(O)c(O)c1)O[C@H]1CO[C@@H](Oc2c(-c3ccc(O)cc3)oc3cc(O)cc(O)c3c2=O)[C@H](OC(=O)/C=C/c2ccc(O)cc2)[C@H]1O,440.0
CHEMBL5421969,C(=C/c1cn(-c2ccccc2)nc1-c1ccccc1)\c1nnc(-c2c[nH]c3ccccc23)o1,7000.0
CHEMBL5436386,Cc1ccc(-c2nn(-c3ccccc3)cc2/C=C/c2nnc(-c3ccc(Cl)cc3Cl)o2)cc1,110000.0
CHEMBL5440402,Cc1ccc(-c2nn(-c3ccccc3)cc2/C=C/c2nnc(-c3ccc([N+](=O)[O-])cc3)o2)cc1,16000.0
CHEMBL5420344,Cc1ccc(-c2nn(-c3ccccc3)cc2/C=C/c2nnc(-c3ccc(Cl)cc3)o2)cc1,20000.0
CHEMBL5424180,C(=C/c1cn(-c2ccccc2)nc1-c1ccccc1)\c1nnc(-c2ccco2)o1,14000.0
CHEMBL4215216,COc1cccc(/C=C(\C#N)c2nc3ccccc3[nH]2)c1,2210.0
CHEMBL5409393,COc1cc(/C=C(\C#N)c2nc3ccccc3[nH]2)cc(OC)c1,3610.0
CHEMBL5437384,N=C(N)NCCC[C@H](NC(=O)[C@H](Cc1ccccc1)NC(=O)OCc1ccccc1)C(=O)CF,0.36
CHEMBL5407224,O=C(CF)[C@H](CCc1ccccc1)NC(=O)[C@H](Cc1ccccc1)NC(=O)N1CCOCC1,3.0
CHEMBL5398692,CC(C)C[C@H](NC(=O)N1CCOCC1)C(=O)N[C@@H](CCc1ccccc1)C(=O)CF,0.42
CHEMBL5438396,Fc1ccc(-n2cc(COc3cccc4cc(Cl)ccc34)nn2)cc1F,25640.0
CHEMBL5416078,O=[N+]([O-])c1ccc(-n2cc(COc3cccc4cc(Cl)ccc34)nn2)cc1,16160.0
CHEMBL5394154,Oc1ccccc1C(c1ccc(C(F)(F)F)cc1)N1CCN(c2cnccn2)CC1,8500.0
CHEMBL5422873,COc1ccc(C(c2ccccc2O)N2CCN(c3cnccn3)CC2)cc1,31100.0
CHEMBL5437766,COc1cccc(C(c2ccc(OC(F)(F)F)cc2)N2CCN(c3cnccn3)CC2)c1O,11400.0
CHEMBL5398485,COc1cccc(C(c2ccc(C(F)(F)F)cc2)N2CCN(c3cnccn3)CC2)c1O,6200.0
CHEMBL5395561,COc1cccc(C(c2ccc(F)c(F)c2)N2CCN(c3cnccn3)CC2)c1O,24300.0
CHEMBL5434874,Oc1ccccc1C(c1ccc(OC(F)(F)F)cc1)N1CCN(c2cnccn2)CC1,5900.0
CHEMBL5400091,Oc1ccccc1C(c1ccc(Cl)c(Cl)c1)N1CCN(c2cnccn2)CC1,6600.0
CHEMBL374508,CC(C)C[C@H](NC(=O)[C@H]1O[C@@H]1C(=O)O)C(=O)NCCCCN=C(N)N,54.4
CHEMBL5406869,Fc1ccc(-n2cc(COc3ccnc4cc(Cl)ccc34)nn2)cc1F,25640.0
CHEMBL5424800,O=[N+]([O-])c1ccc(-n2cc(COc3ccnc4cc(Cl)ccc34)nn2)cc1,16160.0
CHEMBL5556412,O=C(Cn1cc(CN2CCN(c3ccnc4cc(Cl)ccc34)CC2)nn1)Nc1cccc([N+](=O)[O-])c1,8100.0
CHEMBL5563817,O=[N+]([O-])c1ccc(-n2cc(COc3cccc4nc(Cl)ccc34)nn2)cc1,16160.0
CHEMBL5625072,Cc1ccc(C(c2ccccc2O)N2CCN(c3ccnc4cc(Cl)ccc34)CC2)cc1,6100.0
CHEMBL5630622,Oc1ccccc1C(c1ccc(F)c(Cl)c1)N1CCN(c2ccnc3cc(Cl)ccc23)CC1,8700.0
CHEMBL5630614,Oc1ccccc1C(c1ccc(F)c(F)c1)N1CCN(c2ccnc3cc(Cl)ccc23)CC1,3900.0
CHEMBL5630817,Oc1ccccc1C(c1ccc(OC(F)(F)F)cc1)N1CCN(c2ccnc3cc(Cl)ccc23)CC1,4800.0
CHEMBL5624786,COc1ccc(C(c2cccc(OC)c2O)N2CCN(c3ccnc4cc(Cl)ccc34)CC2)cc1,7100.0
CHEMBL5630854,COc1cccc(C(c2ccc(F)c(F)c2)N2CCN(c3ccnc4cc(Cl)ccc34)CC2)c1O,10400.0
CHEMBL5630121,COc1cccc(C(c2ccc(C(F)(F)F)cc2)N2CCN(c3ccnc4cc(Cl)ccc34)CC2)c1O,5400.0
CHEMBL5624599,COc1cccc(C(c2ccc(Cl)c(Cl)c2)N2CCN(c3ccnc4cc(Cl)ccc34)CC2)c1O,4600.0
CHEMBL1458713,CC(C)C[C@H](NC(=O)[C@@H]1O[C@H]1C(=O)O)C(=O)NCCCCN=C(N)N,54400.0
